194,618
360,366
332,348
220,261
362,820
224,632
234,677
156,498
662,1046
230,803
276,1176
178,8
220,878
268,568
526,390
148,104
238,730
170,934
416,955
320,806
492,749
206,574
132,945
156,946
236,1035
152,1164
142,24
212,1175
244,668
230,555
158,1158
212,1081
158,1166
170,1185
176,938
178,252
222,674
328,513
160,203
372,598
396,985
156,416
282,854
260,195
280,498
130,865
354,236
164,1151
492,51
208,894
170,934
132,469
364,402
236,756
210,478
634,726
170,544
380,964
140,72
222,146
160,533
176,761
244,229
198,962
334,1045
154,1235
380,97
132,806
152,103
282,402
172,881
252,954
166,386
416,83
154,1088
544,819
178,562
440,459
132,441
158,620
192,787
212,395
232,895
166,420
216,690
132,954
224,1191
180,395
152,926
446,1194
196,132
130,320
240,192
248,1052
148,655
702,177
192,144
132,140
180,64
188,1151
142,194
148,886
192,263
712,318
236,1011
152,227
414,1115
266,1011
448,146
240,42
252,1192
134,1162
292,1036
218,227
152,706
542,127
200,317
344,601
174,1042
170,713
538,449
146,232
266,775
158,495
194,689
372,925
224,813
154,1232
148,498
498,915
294,578
424,398
224,481
212,162
316,399
214,908
194,43
414,359
154,539
600,316
198,266
138,576
364,1124
800,117
316,172
226,536
242,794
210,624
296,687
152,1106
158,994
184,403
190,380
166,873
276,1189
194,909
354,1086
144,970
142,905
288,72
424,694
172,128
540,925
180,535
176,804
218,546
168,267
316,886
286,758
148,616
236,1204
192,838
160,674
442,949
134,537
176,1028
148,54
152,935
132,749
146,125
212,482
406,1025
154,1028
270,53
234,1148
524,700
168,179
158,455
194,411
178,267
232,588
504,71
1032,532
174,545
172,754
248,712
332,747
288,116
452,575
524,671
140,827
318,714
500,980
136,756
200,82
200,887
204,643
238,1011
156,124
194,1165
360,1163
544,232
240,812
324,940
232,365
252,789
228,1018
140,832
186,385
136,1165
216,498
210,1084
406,562
132,1167
198,447
156,949
148,873
242,530
176,79
176,706
172,712
182,863
134,214
164,1016
162,681
1810,996
600,56
200,322
156,1218
136,1096
160,755
310,7
156,1070
150,445
482,695
258,844
234,346
190,972
266,1021
204,254
184,1063
312,93
220,396
142,610
272,892
898,314
232,799
176,926
254,718
140,368
160,633
134,190
176,665
268,436
152,681
134,631
218,1023
512,995
380,1056
628,339
376,206
196,497
228,98
240,1212
300,246
288,395
204,828
132,338
496,122
316,770
302,343
180,65
176,677
152,96
174,589
176,143
582,1237
246,443
306,347
196,739
152,947
202,78
154,1102
188,187
564,499
158,1200
168,234
160,427
372,322
310,1050
156,378
196,1227
374,571
238,386
148,1039
152,1028
140,958
146,697
196,928
368,591
146,1052
132,936
136,105
644,612
146,33
224,797
406,1028
148,127
226,1177
320,372
402,27
194,84
328,817
288,875
404,966
140,203
168,522
354,323
392,398
224,157
156,1070
132,170
162,575
376,932
208,658
136,552
172,200
238,559
500,669
160,82
312,969
226,960
264,99
312,618
928,330
158,166
144,347
296,373
238,386
346,1243
260,1202
174,1076
656,910
142,464
186,183
164,1094
164,530
188,1214
370,73
476,929
136,26
332,946
164,681
144,806
130,855
864,396
404,205
292,742
156,209
186,109
512,728
388,1232
144,718
136,452
364,535
160,1184
190,501
280,846
192,1235
440,41
188,467
140,681
262,999
164,570
188,139
372,1153
188,1223
154,1206
270,120
208,1164
416,712
158,919
144,18
236,248
156,407
786,567
328,741
302,806
174,851
228,150
224,27
242,66
424,32
250,789
228,823
192,1099
314,873
342,678
162,374
144,560
148,1094
880,727
180,18
152,1149
166,1020
566,612
144,30
146,487
288,612
226,335
158,1071
160,1189
164,240
200,248
356,225
268,1194
688,774
210,1175
230,4
176,790
368,852
398,136
420,312
146,683
322,907
152,942
286,335
452,796
276,40
360,59
236,348
502,120
524,594
186,226
136,1090
302,366
188,984
496,1075
158,1159
186,1220
238,379
194,155
254,448
220,570
268,734
148,133
164,348
594,583
614,470
220,1079
140,1034
144,331
468,1064
168,565
284,992
256,1230
380,1137
184,430
230,137
164,790
136,552
146,1216
286,952
504,1127
198,1194
428,869
328,237
134,733
294,1218
152,502
334,1244
172,443
164,242
486,69
142,1196
182,110
440,482
300,771
132,563
200,817
136,250
564,116
626,742
384,498
432,180
186,874
132,1209
156,129
284,1044
880,1112
216,603
648,586
428,941
230,964
134,1038
162,197
190,818
172,697
326,635
160,952
168,1048
268,1091
476,725
374,727
384,132
230,351
164,537
224,89
194,354
168,1048
142,1182
932,511
178,241
154,908
386,1097
188,1101
364,1040
312,544
348,563
134,133
140,417
164,966
336,131
170,872
174,1080
186,396
254,243
148,539
164,187
316,1116
132,649
304,1040
146,979
136,338
156,1079
320,776
178,806
188,1051
548,1105
130,40
268,694
158,1205
144,589
136,573
176,1011
162,520
132,1244
150,254
144,709
150,249
150,1101
184,679
144,892
358,1237
180,1226
452,697
210,414
186,1109
130,245
756,1112
304,659
964,1081
186,560
148,487
228,327
172,538
222,1211
182,114
556,757
142,235
390,580
186,1066
226,1180
232,209
416,867
156,77
440,711
526,198
242,889
320,601
768,402
188,247
196,157
250,1157
182,1142
572,972
196,989
758,32
320,882
180,766
156,1240
302,895
152,930
200,1022
408,234
168,1035
162,737
212,322
232,1070
160,772
148,102
410,514
184,368
158,837
130,945
208,1200
280,724
240,1082
162,1118
188,826
336,1072
158,1246
142,222
232,525
568,606
144,553
238,739
132,670
220,50
516,169
1596,1075
280,1116
324,726
156,660
588,521
192,749
260,526
144,219
188,351
458,693
390,885
242,828
354,576
260,978
192,1199
192,726
144,176
480,882
166,84
160,745
298,466
184,852
284,254
220,798
146,949
132,26
562,37
168,587
244,772
132,528
788,506
184,853
168,1109
152,160
152,1006
206,1152
328,111
396,42
136,877
136,1132
210,439
152,543
188,1104
132,1246
346,97
234,382
492,70
342,1109
434,634
380,478
206,683
234,690
338,1222
212,744
144,555
268,25
132,733
144,569
568,432
186,729
182,625
248,821
288,1022
192,574
316,404
418,1189
142,574
160,446
232,1207
144,728
168,36
312,545
306,330
180,94
264,820
190,824
418,1220
162,839
202,674
198,961
164,263
246,527
180,377
232,372
232,360
140,1163
142,619
150,859
134,350
136,199
140,215
138,502
134,179
152,53
144,245
340,441
160,130
284,367
318,691
144,11
132,328
130,589
146,1018
260,1007
376,111
136,156
264,90
244,679
274,181
208,592
136,200
266,746
180,685
142,18
200,243
632,444
176,1238
166,28
148,63
166,13
144,944
136,1055
514,390
212,525
724,159
166,207
334,946
404,486
310,263
240,351
152,343
198,1108
164,821
176,84
444,701
162,521
142,70
280,33
408,241
248,1113
430,170
2158,1084
608,1163
242,405
438,136
212,681
204,751
170,683
140,633
272,563
594,618
132,1236
156,649
264,636
224,696
454,1010
140,1198
188,266
504,591
202,20
312,1136
150,989
184,574
282,1184
244,862
172,190
156,801
246,70
280,856
218,663
146,702
238,967
132,35
184,1076
384,683
284,1156
348,497
280,1146
564,1044
196,103
236,250
484,394
148,1130
204,978
312,506
276,774
448,380
168,968
444,160
136,1152
396,788
240,776
192,1100
172,459
192,925
140,15
188,811
318,432
186,929
498,1064
178,183
172,519
168,239
136,118
176,988
160,463
812,870
542,262
184,389
144,75
302,1021
176,767
188,520
132,971
206,725
152,120
312,841
158,973
196,904
284,485
276,988
144,1069
364,691
206,1083
460,371
360,37
156,150
300,629
450,360
208,914
254,194
392,915
230,536
884,339
214,533
172,1239
130,808
320,978
280,195
500,871
210,311
176,458
224,421
220,474
146,741
138,187
420,679
220,89
236,494
132,87
140,578
132,173
160,611
224,1069
168,1207
196,1107
134,1055
156,167
150,1034
180,657
132,484
210,1228
176,604
172,605
648,994
240,77
178,1172
152,526
154,22
564,743
180,768
284,164
132,1020
212,265
244,804
156,1135
148,203
200,872
230,347
198,804
220,133
284,319
252,241
186,888
146,1240
274,118
530,127
252,160
144,1135
140,1034
168,894
158,1055
342,873
178,662
208,467
504,713
198,879
264,493
170,228
170,118
146,794
150,81
178,1239
280,946
130,935
324,1015
194,388
224,197
144,88
144,1231
158,34
224,335
138,531
150,948
182,491
584,160
458,92
176,37
360,178
302,786
264,145
160,730
622,1228
394,446
154,98
202,141
476,842
134,940
252,321
220,642
176,574
322,1097
394,408
136,1172
278,608
200,423
132,381
134,643
152,1060
200,861
266,641
164,1234
140,121
214,894
208,955
258,230
220,204
146,786
252,138
170,1026
190,1213
244,781
332,981
148,1030
920,1168
198,227
716,624
140,508
284,1015
200,938
168,774
704,638
152,216
200,39
380,65
156,47
400,1237
134,586
254,1094
154,818
162,498
256,888
340,388
396,898
614,1043
134,1049
228,263
424,935
238,542
168,149
656,417
144,118
346,1197
134,1220
356,131
144,1124
210,199
396,612
156,517
138,366
516,391
212,871
188,901
168,249
178,411
428,434
192,211
380,586
160,722
808,525
162,971
136,113
164,123
168,120
228,927
306,364
178,498
288,3
194,1166
150,137
208,124
164,442
228,58
138,921
328,510
242,793
170,123
396,112
172,762
176,1028
176,119
184,63
136,84
264,625
354,452
152,549
204,801
138,1085
180,806
180,466
162,596
378,1132
360,979
340,659
148,1155
262,221
140,256
252,524
364,575
132,38
132,728
180,1001
152,1031
196,1158
208,1055
148,923
272,198
226,13
138,843
150,569
192,842
148,386
426,488
236,128
248,230
150,77
232,154
680,494
208,460
252,1044
148,199
584,347
380,1018
212,807
276,395
178,1014
148,189
258,487
210,838
640,352
980,1002
150,30
386,352
416,974
218,643
188,808
192,747
288,698
198,252
314,1157
250,1226
202,319
172,1161
200,507
140,52
152,1033
144,612
444,449
256,844
230,583
162,552
400,101
138,1034
152,1068
140,373
238,437
320,56
318,1107
182,604
298,613
276,634
284,265
132,247
204,730
154,407
136,639
186,8
144,801
196,1110
220,257
164,750
328,475
176,940
154,937
166,357
144,878
600,857
136,410
144,900
160,665
206,941
144,676
462,521
196,493
154,1000
160,50
148,907
822,1193
316,1237
204,1213
234,1165
302,1211
160,455
300,1223
194,618
154,935
224,153
260,878
234,1017
498,863
142,884
182,105
402,363
144,173
424,331
152,537
268,372
196,543
172,977
158,553
166,232
188,715
628,57
148,560
296,755
424,579
250,236
182,578
232,415
152,1170
132,55
312,29
144,1035
544,498
144,531
236,797
212,184
228,1025
132,508
226,3
292,1223
154,543
144,574
174,997
248,20
400,1177
146,840
252,1051
464,433
324,788
244,923
260,395
212,598
172,1126
228,858
132,242
168,632
172,1198
302,930
140,1103
724,703
278,476
156,322
364,512
204,637
220,1167
164,636
186,178
272,404
138,569
156,777
168,64
464,485
136,797
426,682
290,446
204,266
138,543
134,471
272,201
290,1180
262,1071
174,992
164,872
174,223
218,644
154,1230
130,228
408,654
136,1065
224,1232
132,128
152,856
140,1030
284,331
304,434
280,1194
338,976
198,914
204,525
276,399
266,143
212,54
372,826
272,471
264,784
222,183
240,529
148,945
512,752
224,1090
216,754
224,767
336,369
392,37
268,711
238,754
296,608
330,973
132,1099
390,1205
142,923
304,768
296,1203
232,818
210,914
286,1016
174,1043
130,796
148,369
172,495
162,1020
236,682
140,1130
184,791
340,264
418,345
200,514
200,455
144,802
252,495
168,1068
172,867
244,816
260,643
152,1014
240,612
476,1210
396,751
1096,782
164,461
220,988
260,457
232,1137
202,538
140,1010
152,1152
322,1221
416,1019
470,349
464,316
200,148
140,580
164,849
388,322
180,593
328,253
420,338
304,1161
164,67
226,998
340,938
180,81
188,1089
302,207
190,120
144,49
168,255
132,1208
168,110
180,68
172,441
130,554
216,674
144,905
296,1019
166,830
180,588
172,1019
260,1202
286,909
162,41
142,90
178,928
238,317
144,486
276,1065
628,81
468,686
152,680
400,1026
324,126
136,211
244,1132
152,102
214,869
164,707
162,186
178,475
140,653
156,21
164,1178
228,402
148,696
218,827
510,6
152,151
188,807
202,864
218,988
212,900
198,1203
556,246
132,201
664,449
136,86
440,612
438,547
284,854
608,381
330,656
356,417
150,1192
130,572
198,439
224,71
400,819
244,1051
512,570
130,124
340,432
246,119
734,570
232,760
188,507
172,4
770,402
136,471
196,372
796,727
226,86
212,854
130,177
166,617
150,531
190,342
154,112
300,608
134,486
132,157
722,161
226,483
230,21
174,149
214,859
420,104
232,1131
196,1028
520,904
140,217
348,1011
544,537
262,147
200,556
322,877
180,746
134,1247
152,912
132,185
312,558
400,908
168,710
190,1012
150,1185
232,529
168,205
386,342
156,139
168,674
198,355
320,769
292,1024
152,397
180,531
520,378
218,155
172,611
280,175
144,983
248,719
172,945
176,203
160,56
284,1128
140,553
192,390
156,689
312,1057
140,647
270,946
186,927
440,402
260,4
160,441
274,95
554,74
146,810
256,645
252,229
290,316
130,385
562,747
286,735
260,925
240,929
708,182
156,1187
156,807
176,1138
412,462
200,559
224,40
452,520
192,141
234,1024
478,903
138,316
638,76
264,1060
186,1134
156,1008
250,70
220,623
322,1103
406,765
298,848
148,1239
256,1141
290,1088
236,94
158,843
158,414
296,1250
392,83
132,150
156,253
302,1097
186,259
272,315
138,846
274,167
370,1228
244,1012
176,1040
240,261
164,511
332,145
130,47
174,113
200,163
206,252
228,549
236,1112
146,217
196,440
324,1091
142,846
230,798
244,215
192,644
180,488
148,448
190,1026
142,118
508,806
226,698
532,678
266,995
180,26
292,902
292,1111
158,777
332,631
148,895
220,118
132,1013
438,1142
132,514
452,554
152,210
514,995
412,133
208,1119
154,644
296,1047
460,615
228,558
376,497
222,348
188,798
230,578
156,338
224,34
244,25
142,999
156,377
160,1106
132,153
356,10
202,1088
202,153
276,606
168,867
140,681
164,150
280,231
232,1235
264,1170
212,563
358,234
144,1189
552,882
204,607
468,1142
166,367
188,884
200,847
400,37
166,24
200,356
340,322
178,1101
282,1214
134,26
300,762
166,579
202,1076
274,102
130,986
136,999
246,402
304,963
500,1032
142,468
476,604
140,70
344,797
156,445
188,1013
420,465
226,213
584,117
202,903
152,410
180,723
138,671
232,160
146,314
136,1038
878,470
154,774
484,93
206,1121
146,413
508,140
190,23
140,1226
340,703
220,1056
208,174
156,541
210,1207
318,1178
216,70
272,561
162,964
136,175
406,521
156,435
136,1027
292,960
362,1125
192,320
330,394
292,567
342,691
834,37
142,572
196,1031
312,867
172,1084
230,447
268,1103
300,572
140,249
134,368
154,738
380,657
256,1041
1114,59
152,242
136,1179
316,109
284,22
648,1001
204,350
264,390
192,705
332,413
180,731
438,262
204,93
152,75
204,536
328,14
584,229
152,406
148,67
540,1120
316,1027
180,686
146,222
130,693
252,678
156,257
184,650
152,1036
750,328
1952,374
204,1230
134,613
344,451
140,648
168,1159
176,869
232,535
200,1143
656,814
152,601
152,402
192,710
134,426
158,986
252,1077
244,1004
152,54
442,637
264,893
304,961
424,645
154,6
142,1157
148,635
182,737
136,1003
458,511
298,173
322,665
372,830
224,658
324,315
218,957
672,641
380,645
156,1115
1094,356
198,1171
520,715
356,862
264,822
136,316
132,434
700,387
512,983
164,924
298,435
140,1195
274,1222
152,340
216,428
568,1083
152,399
338,763
180,83
148,949
136,84
220,1089
216,533
170,390
504,496
220,508
186,636
202,1141
402,437
192,359
394,1108
312,446
488,84
448,254
220,234
282,1025
460,1212
750,597
296,1090
164,153
146,663
200,581
140,1081
258,504
216,351
136,480
148,217
622,615
220,429
384,890
236,914
200,938
160,932
132,1239
272,817
360,17
132,353
404,362
130,136
132,759
170,1129
136,1238
466,1001
188,885
248,1215
246,1183
154,566
204,535
636,563
176,673
156,747
836,513
474,957
180,210
332,160
188,1221
228,329
132,595
524,489
316,720
134,1191
324,1084
278,1109
554,427
208,764
320,355
254,441
184,865
656,957
130,402
136,740
140,1133
252,770
206,39
138,887
200,661
184,114
132,706
290,90
228,528
136,175
152,637
164,1154
140,940
154,406
428,723
134,1140
138,34
152,384
138,1120
192,824
154,445
410,5
344,864
344,557
132,205
184,821
164,785
294,549
296,762
150,1072
134,515
144,472
232,392
190,1211
338,988
488,1072
276,1225
512,580
132,502
140,501
454,226
318,918
184,1054
448,37
300,1209
264,125
140,737
312,774
144,699
450,1188
332,485
420,380
192,364
168,326
818,406
240,1016
156,64
130,767
132,845
208,1221
326,1058
256,751
158,215
746,1130
160,860
166,723
142,476
406,1124
172,681
168,170
168,343
220,1212
148,800
302,1062
196,254
178,901
314,882
316,712
168,1042
212,623
166,1195
496,313
176,769
516,359
200,719
240,180
236,39
180,184
284,1183
534,74
304,1135
156,11
152,817
216,858
196,894
520,550
144,1175
666,1146
150,383
156,317
438,867
224,490
164,1198
156,545
924,240
144,459
588,506
198,1093
532,851
1384,573
486,67
182,114
576,1221
258,744
176,1094
176,16
264,882
136,189
300,541
578,625
228,422
148,934
284,262
298,462
268,432
136,1158
278,833
152,368
146,968
474,941
134,500
280,1102
336,679
596,1103
228,491
204,652
312,595
232,23
140,661
360,910
212,324
372,408
136,975
158,9
332,628
132,128
196,593
132,745
870,687
244,594
194,192
202,311
316,364
130,1223
240,1074
362,964
290,569
292,397
146,875
148,674
206,131
154,587
184,198
366,113
144,940
294,1146
138,786
216,728
164,1185
164,1137
146,158
878,566
376,560
132,866
164,1055
248,868
224,1191
224,925
236,1199
164,1208
316,903
228,1205
156,630
136,1178
412,401
200,36
138,1028
720,1033
196,312
246,609
192,698
166,314
164,792
336,1123
166,932
340,1214
144,461
392,622
414,0
392,899
176,1242
212,463
236,963
480,120
154,158
256,230
216,965
150,773
144,174
458,312
216,926
152,513
292,621
536,87
1516,264
246,788
218,1115
222,1188
172,673
176,605
268,1026
186,118
140,978
136,831
574,463
186,1008
186,249
132,179
202,1060
320,427
316,486
130,965
188,410
132,800
150,256
168,793
156,243
230,716
276,450
166,133
154,1
302,488
332,1073
180,1187
276,618
294,339
348,402
176,245
140,1164
448,423
214,627
262,1130
1116,378
234,651
172,758
200,377
208,912
168,903
136,874
192,995
140,739
266,433
218,192
236,1006
132,1231
132,414
240,414
166,775
190,502
186,523
252,778
1006,920
208,324
374,684
320,331
182,99
142,934
250,1153
280,465
314,1076
388,1044
132,983
580,57
154,692
164,692
218,1135
166,766
156,759
300,1060
320,1171
154,391
220,783
208,699
254,1174
136,973
218,218
190,947
736,340
204,247
158,265
148,411
166,426
134,118
174,1028
176,224
460,769
210,561
152,261
136,197
178,619
2546,148
156,44
166,410
140,495
156,944
172,1240
144,115
184,153
468,1221
312,726
180,987
152,1133
214,335
190,814
152,395
156,830
160,1217
300,879
358,120
144,80
192,1116
130,1219
144,1105
138,652
218,828
758,856
188,650
362,612
680,869
176,974
132,985
174,1200
328,1134
208,693
448,917
264,422
308,1064
182,223
160,1063
208,326
180,1173
330,1059
236,704
164,1238
170,590
180,827
144,1177
160,317
750,974
256,466
234,1227
206,142
130,834
264,12
152,615
368,554
184,159
396,376
224,672
188,711
192,780
178,513
144,923
160,1147
244,1077
184,1183
304,152
136,1092
284,920
178,775
162,1217
184,621
170,984
266,802
216,571
130,137
308,959
956,85
336,513
256,667
248,968
180,1116
288,1066
304,149
162,111
302,1039
400,534
600,389
310,259
162,371
364,1236
596,703
136,1071
144,260
176,231
312,416
544,899
152,1027
996,372
176,361
414,541
172,727
1392,770
198,778
228,430
796,572
178,1233
282,847
184,26
184,127
214,322
180,6
152,466
140,682
368,0
400,405
422,469
378,1028
174,629
656,513
1032,1193
148,549
344,372
490,482
220,6
134,402
136,1133
134,788
136,168
244,797
222,471
344,93
484,928
212,1016
300,705
196,1060
272,553
374,463
152,83
256,868
226,941
188,91
208,443
140,167
132,761
142,769
208,801
202,1061
144,809
252,186
156,181
212,722
180,828
336,1181
258,750
288,57
306,779
192,969
138,971
180,928
240,166
646,155
176,423
264,402
156,677
188,732
152,96
132,142
262,410
134,643
132,592
164,1110
172,511
226,1155
200,344
564,552
136,921
136,118
190,451
496,402
292,648
136,683
160,153
248,697
196,368
158,808
162,321
220,781
140,79
148,157
172,1213
152,674
230,57
130,475
154,1040
164,1178
190,921
156,218
166,418
134,1230
184,880
184,718
468,941
252,1073
156,756
152,663
132,642
280,430
244,372
152,835
220,343
180,957
250,467
212,467
136,1181
132,1044
336,407
140,601
188,311
160,479
202,1005
184,1248
132,1027
456,164
140,528
208,840
328,916
320,141
286,452
264,976
164,825
166,836
262,223
318,1213
252,456
200,220
468,63
158,208
180,844
238,527
478,32
316,1180
344,920
276,498
208,974
238,479
482,352
220,479
172,9
136,1032
628,164
140,1122
156,454
278,868
190,931
258,757
140,589
156,1224
212,968
200,584
160,110
148,10
180,33
166,653
158,934
252,843
192,1024
184,609
264,1170
308,756
136,923
300,122
344,1028
208,832
312,252
246,781
370,614
200,77
144,89
162,1180
218,107
308,679
154,67
204,121
140,649
530,28
374,114
214,1184
140,750
422,1004
908,393
166,332
672,1241
224,249
184,1238
276,532
584,136
164,1028
234,891
624,987
556,113
424,915
666,663
290,665
176,610
332,417
300,393
204,803
488,63
132,392
136,1040
476,547
306,194
218,679
198,1122
132,392
320,1233
216,2
140,1082
248,1002
246,802
236,483
296,236
516,648
338,32
780,952
2016,737
314,606
168,971
264,756
312,950
398,361
502,714
176,1092
324,158
142,49
180,139
252,813
560,974
188,1200
132,1018
244,16
266,79
524,226
284,415
170,310
132,829
168,465
172,444
152,416
136,504
520,941
198,144
614,193
160,62
132,669
220,944
140,1114
170,975
178,594
280,1111
146,1017
172,1101
146,797
276,235
228,27
162,885
204,103
362,358
134,719
516,1217
182,798
160,160
174,1162
232,82
300,642
216,927
918,325
188,894
392,797
320,1062
200,999
140,439
254,1136
210,313
178,2
288,603
292,780
196,837
448,195
268,1178
228,113
416,38
402,967
158,503
222,860
260,475
268,604
212,430
374,1103
228,1190
186,471
166,86
222,1246
158,628
660,1075
168,1105
136,1049
136,440
404,339
148,1073
246,1248
230,785
132,817
880,962
850,691
132,1216
168,730
564,237
204,395
404,574
224,969
150,723
158,524
200,334
184,1005
182,1121
732,951
136,837
214,170
224,1156
208,99
180,787
156,1216
142,1167
340,3
198,799
136,808
164,984
168,44
172,712
156,2
156,263
202,327
132,972
210,151
132,839
280,65
196,845
208,202
250,1110
476,169
448,1111
242,1114
184,727
188,1091
184,507
156,847
144,203
350,41
208,1149
300,924
140,173
162,1055
204,778
180,1008
152,582
138,865
196,205
318,1172
136,818
166,655
136,383
210,624
256,1030
768,1009
236,177
228,726
136,992
220,573
144,111
186,135
186,115
324,964
156,1142
150,417
180,590
188,1227
142,375
250,710
510,463
196,680
312,136
260,1196
278,647
162,965
210,634
136,1086
260,590
282,555
180,689
176,425
156,329
348,15
348,485
184,829
486,122
220,235
246,581
156,679
180,44
320,450
344,467
296,391
134,127
164,645
136,375
594,612
136,807
156,383
292,888
132,1085
732,795
192,225
166,1016
232,709
166,958
166,127
168,248
644,1229
568,32
260,828
496,239
670,816
316,826
272,481
212,1055
150,960
346,929
424,951
178,688
182,384
138,469
654,531
170,510
142,1220
140,1007
268,1237
150,11
1252,1201
180,215
194,692
156,15
286,1137
140,715
142,999
182,700
132,564
156,811
326,36
180,178
198,247
156,116
132,124
332,1209
136,472
204,533
164,908
168,557
138,894
134,1092
254,392
248,716
204,516
156,707
408,264
144,736
150,855
152,14
528,498
304,738
520,1241
472,500
160,651
324,594
144,960
320,755
346,509
466,994
370,967
138,496
458,100
170,238
150,990
222,1214
242,319
644,1074
180,339
426,328
268,839
132,582
152,1039
506,749
372,1003
132,851
132,1056
136,911
136,348
220,381
152,309
392,204
216,1029
404,1241
162,814
288,911
372,1120
380,1245
150,1148
148,917
158,75
134,1043
176,169
956,784
528,941
164,1076
384,962
144,203
148,544
488,387
190,1058
136,435
208,627
162,456
580,400
280,247
184,240
190,1029
234,390
234,156
162,767
240,350
880,941
300,402
204,1004
198,771
184,1048
340,1059
180,1240
308,229
234,257
278,1020
192,395
554,967
226,657
260,889
278,943
318,506
288,108
274,750
148,970
160,1123
724,648
130,1136
276,881
130,1244
200,319
352,28
132,595
134,668
148,450
132,860
162,188
324,700
168,1013
186,987
212,160
204,678
160,310
232,25
184,194
174,902
208,410
288,707
280,571
176,912
712,28
176,64
360,610
572,929
222,756
172,1153
244,1191
396,1191
132,571
208,120
452,1123
358,546
142,442
190,500
280,470
182,358
224,153
268,529
186,8
192,767
234,498
230,794
212,641
276,160
216,399
132,250
368,71
132,1144
132,1035
180,991
176,1105
174,811
136,342
312,948
276,426
332,65
308,1075
140,199
302,1
294,30
176,595
344,19
156,84
202,16
134,517
136,317
214,748
166,759
566,130
976,956
376,904
140,204
180,53
236,1190
166,769
138,203
138,928
284,460
364,974
266,815
180,630
238,465
192,732
136,245
496,177
358,20
230,717
160,172
234,512
186,1197
530,310
206,895
146,1234
232,585
202,498
146,545
184,955
136,73
218,431
170,1040
152,534
196,1073
184,989
174,672
160,1199
252,1018
172,897
398,989
674,742
690,489
414,1176
268,344
326,649
210,110
132,347
186,727
212,1040
306,233
258,1168
132,521
132,811
164,0
204,390
148,838
136,36
218,690
306,268
158,932
452,157
200,712
142,529
180,467
144,1197
448,1150
350,188
140,680
204,190
178,164
306,805
216,1143
136,1162
286,229
130,850
180,1100
274,36
192,960
160,949
232,545
136,1175
150,105
168,1117
256,596
130,839
178,1037
186,228
140,185
214,705
144,502
136,797
256,572
226,1147
156,83
218,766
232,1077
500,676
392,847
156,804
320,1192
432,505
216,146
480,102
132,817
344,424
152,361
280,198
476,870
136,108
174,76
294,1133
276,1034
152,553
134,1053
268,596
624,957
170,1194
396,604
204,1041
152,326
154,917
342,1050
550,254
292,219
244,763
214,1011
134,156
216,426
164,990
312,189
268,433
144,515
296,441
134,736
316,401
686,1137
832,941
200,105
258,53
208,1169
186,860
184,846
446,1134
406,145
144,214
428,119
134,441
246,719
166,1018
256,1076
148,767
204,233
566,325
136,910
474,946
300,366
188,35
130,619
140,1060
182,800
164,1018
224,791
238,1131
166,874
204,741
146,729
130,414
140,419
170,865
180,453
278,1201
272,861
162,587
512,438
142,413
154,686
842,339
308,187
170,1106
352,992
212,1031
228,381
188,418
140,407
168,823
192,402
304,971
248,880
192,478
188,186
244,652
140,806
244,620
444,923
206,675
236,967
132,204
298,871
254,630
352,388
170,465
134,442
164,411
172,968
486,673
224,882
184,600
170,859
328,11
150,14
154,843
324,534
132,143
310,65
248,138
224,85
450,379
350,0
154,120
188,536
310,416
200,1207
512,402
256,584
646,498
176,16
180,239
310,782
140,210
142,134
720,328
290,809
150,824
216,1135
252,519
140,168
168,12
178,901
134,683
524,982
308,658
152,753
160,372
236,462
168,865
166,458
242,357
180,420
172,640
132,249
192,430
168,1113
296,26
156,640
144,1236
198,5
152,862
194,997
194,968
134,383
960,848
586,449
338,1114
140,938
524,393
282,435
276,580
162,787
208,1147
792,1137
136,654
432,114
224,895
326,56
278,810
164,1010
176,662
452,165
194,34
178,1237
172,460
588,397
194,194
204,68
224,998
168,375
324,43
140,153
210,913
144,467
306,564
336,448
224,1021
188,973
184,702
144,588
190,792
404,992
316,1250
136,889
220,254
188,1009
218,257
368,212
720,847
182,847
192,991
146,1065
284,615
174,100
396,596
208,603
182,1094
144,141
176,796
164,142
804,669
134,105
204,415
210,717
426,1015
188,232
252,1232
186,524
176,616
150,810
184,398
1168,363
152,752
478,1210
142,567
220,804
292,725
428,321
198,380
260,510
168,841
228,1217
408,764
276,367
332,728
280,72
336,360
430,1050
130,56
320,1201
170,1113
180,154
220,355
140,438
226,797
156,1102
132,1136
156,670
138,796
250,806
132,998
204,733
168,539
238,809
198,42
330,527
186,1056
170,934
262,1227
172,1239
136,422
130,179
144,1186
170,494
212,897
136,1021
180,171
272,672
284,724
176,152
166,1045
166,1210
176,217
572,379
188,492
470,1122
156,708
524,335
488,225
202,557
372,473
406,31
174,9
176,825
190,395
148,263
228,836
152,1060
148,997
902,325
476,332
208,75
170,690
348,1197
264,66
224,541
164,648
132,44
416,666
208,41
282,186
134,131
200,975
204,1105
342,1087
324,241
196,932
528,57
412,729
236,646
146,168
192,101
320,184
156,486
228,674
296,688
170,242
134,575
160,858
172,132
760,22
132,833
894,32
140,1156
216,720
204,131
616,1206
136,889
240,208
200,881
154,622
196,585
188,266
296,919
206,1136
156,395
138,886
408,352
276,411
172,905
394,1047
276,1015
136,936
208,769
286,937
148,790
202,348
180,1092
202,103
132,172
144,748
426,746
188,466
172,348
300,587
136,649
176,209
168,554
468,164
150,613
808,349
304,380
146,1060
216,736
154,107
296,318
254,240
140,1010
136,457
204,575
140,831
264,516
340,233
344,854
136,387
188,235
362,345
136,709
170,135
298,443
220,489
166,1160
180,51
244,1152
456,899
154,406
146,880
222,550
236,1119
136,517
134,1035
192,833
728,941
482,793
264,413
220,345
186,220
222,200
136,922
604,29
132,707
152,634
150,688
152,66
356,404
294,1192
326,1035
222,912
338,1116
244,67
566,489
164,841
256,756
252,103
252,975
258,639
302,497
244,835
328,1250
174,481
336,81
372,347
214,1212
164,1158
256,691
352,107
192,916
142,939
676,703
224,980
164,189
174,1216
218,856
176,567
236,675
240,538
162,861
434,970
192,350
288,1017
320,395
176,943
140,815
158,14
168,7
430,1130
716,93
130,685
292,1236
164,26
420,498
132,1216
166,712
138,71
182,947
320,1129
140,918
168,570
242,626
196,844
180,801
166,100
288,854
304,370
302,1123
1046,349
224,66
138,1185
146,67
132,456
136,1007
242,425
184,1155
262,939
288,456
308,1128
202,1229
230,931
152,196
182,692
332,402
516,1211
132,696
176,1
304,599
384,725
416,518
186,1052
228,512
206,497
144,937
180,966
182,702
250,833
242,581
184,874
280,92
512,12
144,96
250,678
328,1067
136,827
1072,1140
164,1027
168,792
152,402
308,627
216,1187
140,253
272,1234
192,479
152,913
172,89
492,915
222,74
150,440
180,1040
244,826
184,436
132,346
180,994
132,913
144,737
244,1071
166,913
210,494
388,1036
168,193
316,947
140,803
384,438
396,987
148,557
284,1115
596,185
308,814
144,471
306,953
420,861
266,995
136,252
134,923
160,410
138,91
206,428
214,1077
302,582
144,680
156,693
154,724
256,1072
472,126
188,377
216,1110
156,405
146,250
176,924
196,1040
404,1012
424,1200
284,857
166,1008
156,28
590,402
480,134
258,589
164,979
264,1078
390,476
164,1242
140,490
136,1197
262,395
314,751
428,327
190,963
212,238
262,104
248,245
136,309
152,966
312,646
144,1055
136,145
182,815
140,668
132,1164
244,733
168,1082
220,1107
144,627
220,947
332,764
204,643
134,432
176,1169
356,51
320,668
148,717
324,643
220,1038
168,1185
168,551
152,100
352,763
240,902
368,815
176,674
164,64
148,259
896,1074
136,622
720,255
138,346
196,557
140,1031
228,717
1304,606
148,989
168,391
132,240
264,394
168,267
148,243
232,1245
184,768
372,481
136,1037
130,1097
166,688
194,830
410,667
206,896
164,156
200,798
264,1137
188,362
206,926
164,116
256,1155
150,1180
248,930
150,800
172,742
232,1164
260,915
136,523
132,1233
204,636
372,816
164,235
134,1114
200,1161
430,182
150,960
302,601
484,913
132,715
208,464
320,997
244,486
208,409
344,159
272,982
220,474
334,647
434,427
148,882
476,998
200,1120
168,753
168,1136
304,642
188,890
314,540
528,212
174,575
140,309
252,1073
160,220
374,391
236,540
530,498
240,1153
186,9
344,864
250,442
212,71
272,699
184,524
188,486
218,1245
240,430
320,684
306,183
308,1191
292,862
168,1055
140,453
442,1084
480,176
506,254
236,795
428,15
202,812
430,621
164,1089
340,375
240,619
344,369
130,898
300,614
156,424
270,833
248,131
388,871
282,607
176,834
138,1093
240,39
174,322
194,112
136,963
196,794
532,1221
194,501
174,26
166,557
132,492
132,1219
282,636
266,812
336,1122
162,597
512,336
148,456
192,779
134,445
306,101
356,883
144,1054
144,1250
174,884
142,324
458,251
296,163
432,712
212,517
282,150
162,1032
236,833
198,1090
264,581
356,513
188,1007
376,776
250,731
160,177
774,7
200,1247
158,797
194,536
152,173
232,694
256,214
248,791
186,241
148,916
638,1097
252,400
196,259
144,640
166,888
228,579
286,453
132,458
136,1188
604,71
174,348
462,1221
194,222
148,1214
168,677
138,256
146,395
136,668
138,1138
292,432
662,362
324,1139
364,965
148,923
344,114
132,794
298,861
1176,676
186,892
216,1242
160,30
512,176
592,951
780,586
436,807
196,61
420,775
210,1144
658,29
676,495
182,182
556,357
156,811
132,353
180,192
214,547
228,1005
296,1208
192,509
234,219
130,1176
314,598
328,412
278,522
182,144
166,910
134,955
300,451
170,332
258,910
190,1004
428,498
246,844
218,381
168,6
182,424
150,1100
168,520
188,141
236,1030
192,1175
176,1009
196,525
250,338
138,238
234,1145
136,587
212,474
240,236
212,366
148,539
168,1227
398,1174
144,226
156,620
614,1134
284,1205
580,69
152,152
152,196
132,258
352,93
130,758
220,527
646,349
144,1145
212,941
246,50
948,918
140,336
414,473
272,404
212,61
568,721
242,1097
370,235
372,1122
178,982
300,1176
176,551
132,1058
222,697
138,755
132,1076
192,659
232,339
312,177
236,184
388,310
220,106
132,354
204,409
138,1055
378,1171
204,635
148,321
540,433
164,590
180,210
196,945
140,736
148,546
304,1154
144,940
288,3
344,318
248,1042
252,941
170,627
200,24
156,268
364,1245
210,51
260,974
252,773
136,942
136,552
856,117
232,498
168,908
456,590
342,5
160,643
156,1172
166,841
476,1120
200,1212
176,779
184,574
134,811
684,176
200,693
240,833
520,1165
132,369
168,80
222,1061
258,333
556,40
228,197
1532,325
160,758
210,255
140,769
308,906
284,633
172,647
136,1055
234,513
212,321
244,1159
238,1023
590,913
272,863
232,1063
290,760
232,334
208,326
300,633
178,176
220,1098
326,733
172,560
162,441
246,742
176,106
148,1046
320,718
164,1063
268,1169
154,942
136,244
160,1070
142,535
184,125
350,430
204,939
186,194
136,813
404,1215
184,45
256,979
204,1144
176,1
144,476
140,890
222,1202
132,367
228,579
222,385
198,641
190,494
264,531
130,1104
132,652
164,147
156,115
146,1013
136,599
220,761
540,1228
1200,743
236,664
202,175
154,792
244,405
1130,3
136,932
158,67
148,1224
178,1085
482,1198
248,877
138,199
238,1246
368,660
194,467
148,933
226,440
232,872
140,1058
716,598
146,124
132,898
152,176
180,1012
488,584
326,84
160,1238
150,564
188,490
156,236
132,540
160,682
208,868
694,770
170,1140
160,821
160,652
150,861
140,505
588,236
224,256
216,487
348,1118
130,98
178,429
188,850
218,983
364,484
300,873
272,1126
162,1206
184,976
168,183
148,501
276,386
188,804
222,935
134,105
226,365
264,475
340,437
220,94
140,46
326,649
270,614
230,463
1584,127
268,372
654,1191
140,595
220,565
160,907
174,196
248,644
340,825
912,904
510,362
300,865
180,818
170,1171
192,344
296,1028
324,263
166,1121
240,1091
230,336
234,394
480,1229
298,134
148,1178
196,632
212,712
316,242
236,725
190,1006
158,608
148,609
148,861
244,862
204,545
416,449
480,1219
162,1167
392,941
304,877
154,403
176,21
220,1003
152,865
238,117
216,960
310,807
142,172
216,202
182,594
184,635
466,802
570,941
224,505
158,712
256,196
140,661
172,230
144,171
530,553
134,545
520,434
242,538
182,195
184,1231
320,170
132,187
138,1079
172,785
448,641
444,111
140,1179
284,204
328,173
190,483
1048,76
192,1098
412,1191
672,708
618,362
172,1145
280,966
406,1131
272,1219
198,1106
558,826
212,517
224,237
320,959
554,255
412,583
144,116
392,847
360,1191
404,882
346,848
172,552
136,704
424,18
172,842
168,899
156,563
716,449
192,1160
308,553
256,777
132,433
152,238
248,617
302,1246
420,60
160,1107
196,767
334,383
138,14
170,1126
248,541
336,400
212,940
242,88
224,459
152,264
190,914
242,349
140,34
428,517
178,644
186,612
224,55
614,624
308,607
142,692
280,154
290,661
160,159
268,1184
164,822
132,338
312,221
224,621
190,856
194,695
152,923
250,598
288,576
256,210
714,437
252,1085
156,954
212,1186
160,368
142,371
854,82
142,1173
162,947
162,514
296,1028
146,953
208,33
160,838
174,1042
190,899
886,916
164,400
284,134
294,602
232,1178
134,821
148,634
512,188
160,258
178,536
332,347
248,892
312,91
310,783
164,226
180,419
158,402
166,1086
158,925
142,231
130,888
254,784
1154,120
138,354
176,19
318,1137
348,244
356,19
172,121
192,164
140,346
278,1059
278,453
272,1028
160,504
208,454
152,753
130,454
940,357
148,1003
248,763
134,889
136,340
226,906
632,77
146,1146
204,113
134,696
656,524
216,870
584,778
194,473
192,211
130,1094
196,228
272,792
148,1166
260,1079
284,198
368,498
160,254
180,248
152,990
216,3
256,183
134,206
200,470
176,1053
132,486
158,689
212,508
658,648
136,810
130,849
228,319
630,648
316,180
148,736
264,600
182,1070
292,497
184,72
532,846
536,1172
142,502
262,956
232,841
198,434
380,1118
528,629
168,67
236,88
264,397
152,25
340,426
290,843
232,550
216,1211
144,106
284,171
268,160
166,337
222,924
152,312
310,551
518,1083
136,170
134,772
232,655
182,1017
220,523
152,940
188,660
150,678
240,679
180,1036
164,479
210,951
176,1017
288,1232
158,534
210,1127
386,564
160,647
402,169
130,1201
166,894
200,572
200,11
234,1119
134,175
146,417
190,1041
138,656
156,626
212,568
138,923
358,402
136,1053
162,805
178,67
208,826
802,330
206,126
170,1017
166,725
176,476
392,817
216,418
808,594
178,516
350,347
316,1137
230,107
172,628
168,1149
154,370
148,0
150,220
688,1109
136,383
226,44
516,953
164,47
162,716
152,550
156,626
272,631
146,95
264,810
280,572
178,1070
660,918
320,251
478,19
176,915
152,948
192,1141
288,895
172,561
384,712
404,1066
140,777
136,438
336,629
134,572
154,902
226,1043
130,829
196,114
140,158
148,320
156,932
204,637
132,62
188,1117
174,1144
250,322
134,458
392,708
148,427
146,356
310,76
318,21
328,701
236,422
368,625
130,527
168,955
240,1125
170,327
836,1081
176,60
166,1078
152,574
156,513
188,961
230,344
200,1143
190,921
164,553
156,860
134,638
232,1191
232,358
258,347
146,711
428,809
156,568
516,956
164,1155
260,958
184,696
198,777
144,168
284,525
138,113
334,1198
482,745
316,1207
282,934
132,1059
142,936
286,1071
550,930
264,1129
156,498
232,567
144,1204
156,803
468,345
156,201
156,769
136,196
404,391
180,728
308,1065
152,819
186,1101
216,431
134,476
194,425
176,376
388,323
320,696
536,339
136,380
148,345
184,1066
152,1052
324,635
336,510
232,845
446,985
216,1014
728,322
148,84
232,1037
188,705
454,1164
208,421
132,929
190,881
132,404
130,210
196,374
170,8
484,1108
146,669
136,233
228,1239
520,197
268,808
176,1005
368,556
162,809
156,142
252,97
184,597
158,1029
216,613
280,228
198,412
300,1060
452,395
148,568
150,993
338,806
168,421
144,840
188,776
164,831
410,162
140,482
200,135
434,806
142,450
460,221
576,847
152,833
228,802
240,1165
146,137
148,49
424,1084
156,992
158,113
580,379
328,742
178,206
170,358
136,659
140,609
164,978
138,1028
340,1214
148,1195
334,1057
252,752
200,511
282,1084
216,1052
404,644
408,158
904,788
260,1243
486,402
268,518
184,337
358,725
284,1134
274,557
252,1197
234,1050
388,778
158,1150
196,553
286,204
348,607
168,188
516,509
444,925
790,825
292,129
438,660
150,461
332,1191
300,109
278,1091
154,1135
156,490
136,218
164,638
152,876
162,752
158,805
774,995
132,691
296,779
162,596
274,803
156,530
132,113
222,125
144,450
160,457
220,330
196,46
140,849
272,1
484,604
192,779
336,573
132,936
284,1111
308,96
330,30
236,1205
144,666
596,29
132,856
160,614
132,1197
180,704
350,235
156,17
200,313
404,1214
192,108
170,749
304,508
564,836
142,1069
184,209
280,843
488,452
260,997
156,553
174,724
188,342
152,45
194,767
318,490
258,419
204,915
154,773
262,104
142,666
298,642
174,859
156,135
504,1131
224,178
384,134
150,735
258,1163
608,28
1094,580
188,873
138,1155
194,191
244,803
986,464
156,73
152,168
260,455
198,1178
142,502
178,544
220,968
222,706
286,244
216,1196
134,579
140,753
240,896
288,75
244,498
220,1012
184,1167
220,726
254,175
302,1155
210,213
282,840
288,758
220,9
276,851
224,393
384,567
140,385
146,665
386,1221
300,980
530,595
140,829
186,255
364,965
154,773
560,655
412,331
388,969
162,545
156,126
292,168
158,421
314,481
234,599
248,1113
264,439
136,1101
156,960
294,21
176,673
320,258
262,23
212,907
288,1033
432,1118
168,426
156,1114
172,734
134,616
156,1013
140,23
460,683
138,664
190,160
172,341
296,782
264,1130
300,530
172,464
168,368
184,469
200,717
208,615
172,261
182,429
218,952
240,673
264,1191
336,209
216,877
250,1048
248,1102
436,93
160,748
158,50
280,496
134,1217
200,940
132,1058
548,470
148,869
178,140
324,123
184,68
520,807
130,749
528,1232
374,1131
622,998
228,546
148,577
342,542
148,118
130,1054
356,1226
132,328
256,324
132,187
132,796
170,541
180,507
136,314
168,468
166,537
224,45
212,1188
140,1136
146,45
150,144
314,789
142,865
328,372
300,951
220,1106
510,868
148,347
298,940
490,1084
136,428
300,402
266,52
200,501
276,1003
220,1060
390,1178
136,496
866,358
212,1007
312,459
210,720
146,310
146,1111
206,769
146,479
132,401
330,785
132,745
184,630
134,1049
242,266
152,90
266,1188
192,389
188,629
178,913
134,227
372,970
132,1225
370,423
424,1204
160,1049
498,347
1046,604
188,1185
176,268
1266,896
168,827
132,813
160,1057
210,106
210,412
220,1125
176,645
216,170
228,249
158,254
146,379
338,1045
148,235
164,254
146,743
198,35
148,233
192,1066
408,67
150,977
284,1149
202,670
360,1169
164,1074
446,773
378,1191
318,531
276,165
182,67
222,78
136,575
280,1191
292,726
148,92
186,1128
628,235
190,1144
144,1204
136,906
210,939
192,808
144,147
136,529
262,1159
256,20
148,1151
382,983
144,1191
242,235
440,412
334,55
130,801
210,384
156,817
296,195
240,112
180,729
352,555
356,1195
154,976
348,891
388,63
140,815
360,160
564,625
186,129
1182,130
276,1220
168,1115
148,423
232,463
132,602
168,48
190,672
224,876
148,549
130,187
366,122
172,222
244,347
172,436
212,120
134,85
386,759
252,850
164,999
168,528
374,573
194,552
494,317
174,125
156,30
224,45
280,18
252,61
272,1209
170,1023
300,1112
234,87
398,1036
140,233
136,1067
162,553
244,192
254,891
224,395
144,498
392,1175
156,145
130,1171
202,318
132,443
296,505
156,389
132,266
180,128
192,459
188,964
140,839
318,720
478,1191
152,845
220,180
318,132
214,208
204,1126
304,259
136,618
188,548
354,558
278,1136
344,1213
410,659
150,766
250,265
158,1171
152,530
1332,532
172,260
200,391
202,1127
150,1200
296,603
176,1200
380,602
162,1053
184,1103
1098,246
248,703
298,888
274,969
256,212
326,370
386,933
144,1123
572,1058
220,1003
506,113
204,404
140,1202
152,54
192,493
428,489
366,742
188,732
152,1011
192,696
750,1196
288,1178
356,352
298,582
160,479
212,804
580,1188
538,329
208,545
392,1107
132,1138
184,173
136,176
298,349
234,1099
486,528
140,1216
148,893
374,80
148,666
156,1024
192,477
344,975
188,723
372,906
140,777
150,204
144,138
148,1048
168,1088
132,184
556,721
136,584
208,812
154,0
244,1143
132,1092
136,674
140,588
162,414
134,931
440,1089
246,526
988,206
154,1157
210,889
524,967
172,559
178,388
228,252
268,118
150,736
232,365
154,411
170,388
158,26
242,940
210,1166
186,1226
320,161
136,171
308,167
262,763
134,1199
144,545
204,574
156,92
136,602
258,1025
222,162
136,681
496,816
136,139
152,503
368,1191
496,873
138,1225
180,991
140,702
228,1059
252,80
470,789
188,936
254,180
208,735
570,1041
130,154
744,1241
328,833
132,1119
466,699
254,415
324,822
340,778
184,768
140,403
156,964
236,698
362,406
446,493
200,244
578,815
188,709
286,60
156,468
166,696
254,1128
840,743
150,0
152,799
152,174
176,886
280,909
246,783
416,958
156,813
184,954
136,1104
762,1112
316,486
240,1211
262,1170
160,489
216,17
192,1219
190,414
360,81
296,428
132,875
250,122
618,497
260,120
204,971
130,348
360,191
144,1133
148,690
292,821
138,216
146,519
744,127
170,592
212,74
186,1095
144,22
332,688
136,626
196,1014
326,378
298,267
144,1171
340,389
234,224
160,337
668,883
186,747
160,0
1074,782
174,807
252,917
150,904
190,836
152,231
242,1078
174,1106
168,830
164,135
214,1030
264,500
248,373
268,125
380,574
172,375
308,818
212,499
236,1159
174,1218
286,1036
192,475
228,395
304,985
236,486
136,1016
304,865
142,986
310,331
158,315
272,833
204,210
142,1094
232,1093
164,767
150,364
328,805
132,1147
148,1216
232,160
194,314
346,721
252,762
308,449
156,201
152,442
220,488
304,389
144,895
176,755
282,456
388,1221
134,162
462,962
174,68
264,556
200,1180
132,323
314,646
192,93
238,1124
268,262
370,323
212,882
140,928
566,833
152,230
160,362
148,669
160,680
680,957
136,354
168,991
242,1170
294,1078
226,40
144,852
300,128
184,42
130,2
176,52
150,1181
176,337
160,827
158,849
290,943
252,603
424,78
672,952
142,653
562,957
262,769
270,781
268,582
154,954
248,45
278,69
576,389
656,646
332,410
200,530
144,504
282,340
334,956
328,1141
148,402
340,1141
212,879
192,837
284,253
210,1180
208,893
146,845
182,738
354,941
332,231
216,1216
168,617
158,1139
182,828
192,575
230,498
220,165
144,1003
178,257
212,409
234,225
164,744
162,611
352,896
254,662
438,1018
286,884
252,1147
156,65
130,636
160,241
230,976
404,1204
388,176
402,86
346,879
236,434
310,511
214,1191
426,765
340,207
584,714
532,624
132,744
156,709
274,929
184,1136
352,1223
132,260
312,1047
784,359
642,788
280,107
158,524
518,863
136,161
148,695
228,77
190,371
540,820
180,1243
832,970
328,525
130,1041
480,503
318,1012
174,66
168,392
192,1178
188,1056
214,1222
140,174
144,182
184,940
130,1162
326,896
148,414
322,892
136,60
164,146
200,695
144,1078
156,1174
210,1216
196,58
322,678
222,835
132,120
216,318
302,1250
186,650
260,451
180,1068
158,149
320,672
442,43
136,75
602,814
216,265
156,507
160,472
388,941
136,898
162,933
170,657
180,633
216,799
172,148
238,584
244,424
306,121
140,143
132,858
136,993
408,213
160,900
140,324
568,624
296,333
136,882
850,219
254,636
172,783
160,388
132,17
156,706
174,1179
130,445
292,520
560,920
244,740
154,1177
172,666
310,401
196,735
464,10
154,1022
744,1226
392,7
140,960
328,996
186,602
184,561
140,575
722,31
840,452
176,667
142,193
176,834
130,1104
180,497
186,829
240,219
368,1108
216,651
280,868
162,383
134,201
164,312
286,156
230,786
226,669
568,863
144,238
204,1134
226,348
182,552
344,65
236,1113
230,187
160,1239
144,833
304,710
134,1238
190,1043
164,642
240,248
228,1247
152,362
178,1051
290,364
254,597
200,550
224,195
188,224
246,478
148,238
146,46
156,1195
298,1237
138,508
302,254
372,1190
200,523
322,253
256,516
282,817
600,722
180,601
218,1224
154,414
344,890
140,57
140,845
164,116
300,239
304,883
210,1004
162,52
156,455
156,218
360,1131
316,906
332,175
196,172
426,896
174,104
134,631
142,619
332,933
236,670
242,431
294,13
214,1231
280,833
134,868
288,919
164,870
400,669
238,62
170,370
148,261
140,401
234,478
274,498
246,850
214,1193
262,57
160,1196
220,948
632,341
172,833
144,830
372,825
236,191
248,519
210,105
240,189
312,638
338,1095
184,1194
260,618
140,245
278,484
132,62
352,930
832,625
264,376
250,410
138,821
648,513
196,923
420,383
378,919
318,1137
196,937
332,1021
158,8
320,1087
260,709
180,99
280,1033
240,37
282,152
212,564
168,993
156,29
464,55
1236,1044
234,1019
250,816
380,159
172,878
158,110
270,212
144,579
160,251
148,234
168,662
222,1142
276,223
1036,219
160,647
156,884
294,28
140,1083
292,86
292,861
352,514
308,924
220,168
150,383
238,574
206,408
450,680
152,425
220,639
300,1023
184,440
176,1238
160,119
176,900
212,704
416,1023
142,250
320,833
156,611
416,363
136,1208
188,868
226,184
436,612
176,712
170,138
222,1028
148,866
172,1122
464,957
530,477
134,537
214,24
364,764
144,630
288,363
184,212
280,1032
252,941
382,341
416,166
180,1068
452,144
224,535
246,1100
244,1233
248,444
244,685
134,1231
146,488
440,1028
142,612
164,621
132,604
166,707
164,582
212,517
130,492
150,603
220,1206
348,1051
292,1107
236,691
228,897
224,556
462,906
286,477
254,1107
276,905
188,1237
236,823
176,115
314,153
204,724
396,205
130,1242
542,604
190,846
278,782
304,817
160,1193
596,534
180,123
178,592
150,650
728,1039
342,1175
540,739
232,542
288,1213
248,751
180,632
868,598
204,497
342,979
164,1014
208,25
188,169
236,348
176,441
384,122
176,884
234,526
204,1056
144,416
132,382
282,723
208,459
408,1203
276,175
264,355
256,682
374,621
204,183
552,627
172,585
168,244
456,513
156,853
244,348
136,740
364,1076
164,1206
286,557
252,1125
176,675
828,957
178,460
428,1093
212,551
252,1062
236,1016
196,1234
224,1137
194,772
150,701
172,864
198,905
136,1225
240,1137
520,1017
248,106
162,1149
178,929
164,689
152,1185
324,920
252,674
188,1197
200,812
264,1243
224,1171
372,378
168,375
152,195
440,1061
210,45
156,591
174,439
174,1216
142,1076
138,1105
148,330
254,145
244,922
264,614
208,95
556,36
182,623
150,1036
472,1174
272,542
130,441
134,348
146,409
144,112
162,1036
228,454
168,176
192,1232
328,202
454,5
136,333
188,1139
132,938
200,1168
352,222
300,605
364,607
140,1060
188,857
334,448
220,431
168,724
140,973
184,690
172,25
188,965
132,168
136,540
218,1125
280,259
160,746
168,448
134,477
166,72
150,358
252,1236
192,876
254,978
572,1117
278,232
324,335
594,342
154,1001
268,576
288,1071
408,455
164,227
130,444
364,600
136,1108
148,540
144,811
228,795
386,562
144,1160
498,155
178,1013
138,250
248,535
188,704
172,1048
526,264
530,963
206,796
198,1230
284,512
426,94
148,506
226,962
668,629
140,681
216,79
278,410
266,366
166,958
192,147
160,1072
510,1183
180,907
148,771
368,1171
164,1042
274,116
406,494
254,313
152,1155
412,650
306,789
226,600
134,461
156,943
136,774
176,874
142,340
254,218
132,863
274,673
300,704
130,771
144,1075
532,993
134,804
184,476
148,13
130,354
136,111
244,162
262,659
732,687
306,154
460,680
188,344
672,509
200,347
468,560
132,233
172,833
270,319
232,48
162,230
170,986
130,1191
140,340
796,646
350,1171
348,1125
136,968
296,1171
156,1242
172,1198
204,1018
158,1210
536,153
152,26
732,482
320,729
244,457
742,347
168,210
206,381
168,562
140,395
170,1028
224,743
152,1113
212,328
218,993
152,1000
152,1087
156,325
648,264
156,334
224,1031
500,23
336,1066
174,583
302,977
450,594
194,1059
188,748
176,548
148,1120
184,1215
152,894
246,789
400,178
412,1062
190,662
228,225
186,753
224,708
158,115
320,563
236,164
226,102
252,1245
216,505
152,348
164,783
136,652
266,1203
170,926
152,526
158,211
270,331
216,402
344,501
348,942
180,465
316,1182
178,1110
280,735
202,734
226,1171
348,1124
172,254
212,922
136,695
230,1193
1112,1197
132,739
132,499
256,714
152,565
156,618
254,712
332,399
520,348
280,447
256,234
368,463
304,823
364,222
176,616
196,838
158,654
650,1087
188,208
906,419
200,1055
260,644
194,315
172,732
196,667
1678,703
404,394
200,897
352,1132
288,779
140,923
386,498
136,855
206,267
292,1061
166,30
694,325
252,763
520,7
154,1115
244,819
152,1144
582,127
162,381
278,503
650,48
634,118
130,885
184,675
140,637
338,650
388,629
264,343
208,909
136,415
148,473
188,857
154,206
152,77
312,241
168,515
244,163
232,57
152,936
216,1119
200,973
326,926
178,731
138,372
150,362
552,219
196,689
180,1154
236,738
448,165
358,1232
172,78
140,671
152,368
432,756
138,121
184,433
182,477
130,1099
296,991
232,500
180,947
276,1047
212,1208
312,994
154,216
142,172
150,27
160,876
220,609
204,547
384,675
308,721
712,381
160,155
316,23
288,373
326,44
184,155
200,198
266,420
252,1086
196,33
136,1054
988,339
150,966
280,1229
188,734
224,18
260,1065
132,176
164,789
150,840
346,356
172,592
234,1009
180,577
308,547
148,341
146,497
132,388
158,865
136,776
176,527
204,160
148,480
308,612
498,1073
372,446
136,438
200,1213
160,523
232,120
164,929
234,799
270,450
216,575
134,193
158,224
276,154
424,464
324,332
200,185
138,852
140,643
168,940
372,151
132,767
428,87
154,1225
264,880
158,902
136,813
140,828
148,776
156,1210
334,56
164,927
156,916
178,446
304,622
136,1077
340,1041
212,447
164,191
146,953
484,891
412,531
180,52
172,447
162,876
340,1221
448,580
170,590
142,740
248,389
224,664
240,187
200,518
232,787
528,1000
152,643
176,49
224,831
490,995
184,651
462,732
192,684
138,420
188,569
214,187
236,318
502,1028
172,513
158,1190
306,882
178,1143
130,17
154,606
226,390
132,940
350,752
338,395
144,30
182,1010
144,254
556,402
148,1173
276,178
152,90
254,105
166,139
214,251
166,548
142,309
180,1026
162,623
138,17
246,406
280,254
200,396
336,552
192,849
180,119
194,402
204,617
276,159
164,151
348,979
280,223
208,181
168,836
160,451
200,761
154,664
330,376
156,117
132,879
170,875
190,1032
164,832
208,128
1578,330
480,604
148,555
188,513
136,256
260,160
164,208
376,470
280,514
220,611
234,591
142,153
224,901
492,1083
208,487
666,123
258,491
148,851
150,557
244,903
162,419
258,723
266,1129
180,842
134,246
248,1000
204,982
228,309
260,192
160,353
204,557
268,669
664,499
300,676
458,205
296,968
170,1144
146,944
280,213
328,4
204,46
386,1202
252,669
134,671
248,601
324,684
136,57
536,332
166,395
152,15
220,561
160,716
156,67
188,261
350,1068
1276,1183
492,1045
150,479
368,1172
440,1096
372,761
134,1211
142,663
224,321
206,365
196,453
140,714
332,259
266,76
136,911
300,979
176,652
138,1024
342,552
196,1145
348,858
198,931
146,1225
262,840
190,856
284,27
172,949
214,1056
420,1015
254,1179
564,532
176,1213
172,627
230,194
156,384
208,365
144,1227
168,793
174,674
408,484
188,66
426,429
158,718
326,114
488,996
232,518
168,233
280,909
172,701
170,1167
190,1089
200,125
148,5
168,80
238,973
148,252
182,803
238,227
232,581
672,581
178,849
222,483
366,1234
312,726
192,52
152,824
222,516
166,642
180,882
196,1189
352,97
140,658
218,43
380,1150
352,1096
294,1029
196,680
152,960
300,617
290,862
190,518
216,737
192,522
164,742
164,1051
256,382
286,847
960,580
188,558
268,942
196,132
272,929
152,790
216,472
192,467
224,398
382,823
412,63
172,1099
222,61
146,1069
186,864
238,1050
336,612
176,138
166,948
316,1021
372,919
496,1250
132,141
220,60
146,477
216,1058
168,1060
196,921
154,118
360,127
390,258
428,363
216,58
482,108
988,788
192,428
248,26
204,9
372,1067
232,140
144,893
460,1082
266,384
140,44
284,1096
132,24
152,1145
148,352
280,1235
348,984
172,1163
204,99
184,685
316,722
260,778
152,850
212,1040
320,1214
546,527
568,431
192,517
204,1131
130,158
264,664
160,433
386,1182
280,1194
1130,566
220,775
238,395
138,740
296,1122
606,648
268,1103
184,636
176,1127
148,110
362,20
192,216
208,40
156,710
172,1160
796,788
130,123
164,207
212,577
210,1138
160,1220
204,1213
292,1230
196,252
152,114
278,694
350,937
200,1237
140,557
232,912
302,676
164,941
402,553
174,181
820,714
130,855
308,521
368,73
416,943
146,390
148,822
220,890
428,72
326,43
148,537
164,462
152,376
208,149
248,137
174,691
264,152
188,881
132,700
276,1003
160,29
132,557
166,248
180,794
138,407
194,488
178,101
160,962
140,264
150,1135
292,719
602,160
144,8
152,1125
172,1181
188,260
190,95
140,202
160,1110
160,877
508,260
332,591
200,616
130,1158
376,408
156,213
318,174
132,577
416,134
282,1154
256,908
152,914
436,826
196,402
414,1118
156,326
336,1214
168,959
226,1173
166,1064
132,68
132,1244
156,696
248,578
312,554
164,33
298,182
136,1043
520,935
264,114
194,590
184,497
232,126
188,1189
168,1166
130,950
656,791
188,1031
268,906
276,164
160,751
170,628
144,944
250,717
184,758
132,157
912,117
516,1198
248,148
154,1072
580,731
478,632
348,522
170,1025
216,1140
188,130
154,80
156,551
224,1138
168,959
282,796
278,16
310,1137
208,245
132,1231
582,835
236,98
164,27
352,913
210,508
338,199
164,1039
160,708
196,1163
140,1182
364,1123
142,1226
316,942
236,1114
1366,527
274,746
148,476
200,223
176,1249
712,363
814,1081
756,361
146,518
238,167
150,797
150,577
630,363
336,863
200,812
136,865
140,1037
188,110
140,780
340,891
200,456
210,612
156,713
146,213
288,1087
164,334
198,566
212,1247
236,457
164,828
194,24
272,613
566,1047
198,897
156,513
260,492
668,636
152,105
320,1
176,1022
212,737
380,436
164,218
154,739
136,886
132,749
332,340
206,929
188,872
618,393
246,83
1268,374
308,618
210,1040
156,992
148,859
184,412
216,883
142,688
136,981
688,219
184,552
192,134
280,981
134,1236
204,396
206,239
252,981
212,421
132,764
608,977
130,549
196,263
198,243
422,348
202,964
604,1197
250,756
130,692
152,787
338,871
172,1055
184,948
152,1103
474,705
286,480
228,773
228,539
632,757
164,1178
360,1080
658,444
134,801
420,556
188,120
318,654
180,1146
244,557
140,896
132,36
354,750
212,559
330,950
414,1176
216,239
396,496
236,181
276,948
410,1245
166,1005
188,405
590,3
232,1034
364,491
306,1009
324,512
326,57
152,667
288,120
140,1149
140,64
704,820
452,470
156,698
534,166
148,252
240,483
138,575
186,370
130,1207
152,853
164,1060
134,128
212,63
600,687
214,423
158,1005
324,38
162,371
204,734
144,1152
206,1222
132,395
158,710
196,1090
156,1082
260,315
136,686
212,29
234,640
234,895
232,610
536,784
170,805
130,519
138,670
138,971
864,374
140,701
134,911
268,730
218,761
246,736
154,419
200,35
148,657
160,349
176,211
140,15
610,120
168,760
130,201
236,561
176,961
212,631
234,1186
180,256
214,1243
170,499
496,130
208,1186
164,735
334,714
180,898
142,1078
312,525
324,251
252,154
174,1247
372,1117
140,938
168,704
306,388
164,403
164,78
380,221
144,309
276,583
182,1209
218,389
172,939
242,745
156,550
156,462
178,845
368,388
148,178
186,1144
314,331
324,1154
232,996
172,620
340,812
530,701
228,341
180,911
142,182
376,1218
152,90
210,101
736,161
460,819
206,915
214,957
218,78
136,90
194,996
276,1218
280,1117
152,887
148,519
208,866
332,800
292,72
166,781
132,582
160,1063
236,866
242,168
142,1184
240,48
420,237
272,768
166,1162
304,1249
264,748
182,358
160,754
286,1045
864,1107
166,565
240,1248
160,597
188,497
152,163
266,1150
386,604
178,543
172,125
152,729
300,234
260,10
398,1091
596,673
186,593
164,1200
158,1151
168,757
256,250
312,395
238,26
174,268
214,731
364,251
204,1249
340,376
214,1190
184,383
130,1002
314,1240
196,578
242,467
218,130
312,1018
380,1067
150,762
180,187
136,399
272,875
376,601
192,850
520,882
144,663
168,138
440,599
144,1088
212,901
630,605
136,1008
172,46
376,680
196,574
1334,1201
224,1028
172,860
396,182
174,0
140,738
136,652
184,1173
178,747
320,415
156,533
160,125
204,392
456,358
130,140
182,1126
612,659
196,129
150,333
204,185
278,1126
174,546
136,1048
220,333
282,167
300,923
234,402
600,427
1268,31
132,576
258,1224
706,313
230,350
132,168
336,206
360,382
156,616
230,168
778,694
140,548
172,348
408,334
450,12
252,1114
1280,782
136,160
284,651
140,677
218,832
132,239
438,1165
224,1237
384,201
198,785
208,1057
148,981
160,511
238,671
150,976
170,1204
230,856
204,623
188,1105
334,160
400,1046
300,775
388,872
356,336
156,198
140,973
158,688
148,1084
170,1186
208,929
256,50
152,361
198,1057
284,256
350,451
156,216
186,1095
138,538
208,824
328,205
172,990
138,2
142,1002
324,757
172,1085
176,878
142,317
180,1037
240,151
254,188
250,666
178,405
152,4
168,1248
280,853
208,1171
152,469
164,923
300,436
258,947
198,1003
200,1230
168,827
354,84
196,680
324,771
302,743
1066,465
162,906
264,910
432,458
242,640
164,923
322,1193
448,848
162,836
190,1006
142,334
208,152
164,1182
244,634
146,1020
622,516
180,1009
256,509
386,473
140,383
164,82
212,723
146,705
140,460
140,469
326,558
360,805
180,52
494,1156
152,773
296,14
144,448
152,458
310,69
176,759
184,1182
236,443
134,922
136,388
136,827
214,342
344,1063
288,69
232,806
232,497
540,899
152,1229
230,268
224,49
140,402
272,45
242,548
292,555
164,355
224,1139
152,321
142,1135
548,518
196,740
332,104
188,600
324,564
206,254
166,739
864,31
326,148
172,446
144,1228
176,982
284,627
180,373
142,120
254,58
172,472
282,579
166,687
400,356
336,653
148,56
216,407
150,318
142,660
410,979
176,115
184,547
398,1124
156,880
196,143
362,51
160,352
218,857
166,686
130,151
140,887
148,1242
748,1018
480,1215
140,677
226,492
136,1226
146,55
362,691
268,663
146,712
236,1137
204,1002
160,98
252,637
388,350
174,1249
208,255
180,191
558,1078
274,57
132,311
534,668
288,1163
204,1203
518,672
152,1192
166,940
184,1230
214,88
140,558
158,653
628,1165
188,408
138,1021
380,648
370,316
182,17
396,1238
190,11
176,180
202,388
332,1122
186,1047
226,562
152,857
248,337
192,1038
136,905
232,1061
136,88
156,550
208,6
238,1132
224,163
144,650
156,795
210,421
138,1171
204,1126
156,372
294,25
176,207
416,713
224,745
244,1118
450,603
134,877
388,538
234,747
216,931
146,834
130,1137
584,109
152,620
266,1181
706,378
174,1047
332,253
230,85
242,96
214,367
182,412
210,880
160,841
172,215
336,997
172,557
238,572
228,229
138,781
1180,607
1004,31
252,1200
132,894
134,1221
144,1030
296,54
244,927
156,1185
178,474
344,700
206,585
320,737
368,382
196,1142
206,351
166,784
180,436
132,730
152,338
214,1204
236,545
186,586
178,231
132,91
140,1080
196,827
154,454
260,486
152,635
164,950
148,497
156,702
152,698
684,743
254,3
160,842
172,395
220,153
268,228
260,1135
304,566
270,406
132,739
172,772
214,429
182,668
162,353
138,1244
196,202
570,1075
158,1043
376,506
132,324
270,1213
310,634
140,421
232,796
610,1182
440,58
324,532
246,402
146,1221
302,387
230,164
216,972
148,560
184,323
162,853
138,100
172,711
216,574
224,672
488,437
138,1054
336,1041
168,94
210,1228
220,1177
268,45
150,720
368,246
380,786
142,1239
164,545
268,770
530,1003
338,544
184,561
164,628
272,754
280,699
536,1193
248,536
154,388
260,793
144,22
164,149
144,400
196,977
210,370
252,593
216,164
144,582
224,470
132,424
224,1113
140,137
142,794
584,12
260,385
254,798
612,1168
332,582
332,1012
148,98
506,1095
224,1161
208,885
148,42
264,730
144,1158
188,1219
164,770
190,686
504,534
160,501
206,1159
242,1249
330,153
300,820
412,912
662,332
286,700
268,435
152,25
304,413
202,347
668,251
208,1199
144,45
248,780
354,986
134,326
130,1000
132,712
620,513
300,896
144,1
188,1128
136,158
132,950
432,36
208,673
368,1135
200,760
1122,749
216,1187
156,1080
158,1040
572,998
158,92
292,176
560,848
152,1053
264,557
130,956
130,721
132,973
152,370
220,940
216,1169
456,442
288,1085
408,343
156,125
874,917
524,19
200,988
202,440
318,620
174,571
296,409
150,160
332,171
656,1068
196,1139
160,41
170,684
242,1006
150,1043
432,981
174,683
156,263
184,147
214,309
262,325
232,315
200,830
206,93
342,214
216,1221
154,360
136,595
332,13
136,750
230,957
140,455
268,359
256,160
290,1004
308,841
144,773
228,21
188,30
146,1177
540,1075
144,626
252,345
132,220
184,526
896,4
244,790
134,741
356,59
348,710
174,165
262,1038
156,1235
148,178
236,605
336,761
142,1046
274,10
136,678
138,1088
148,662
240,505
344,258
254,639
310,1029
638,583
204,943
228,654
194,159
192,466
192,720
132,85
234,96
388,402
226,206
210,466
214,267
248,472
292,832
472,756
394,61
170,901
144,468
130,480
142,1148
456,390
152,922
168,984
264,22
172,1244
180,133
420,332
416,742
206,608
522,1184
772,624
144,232
162,765
252,1223
158,47
242,643
136,476
304,741
310,410
442,462
154,885
210,233
134,821
266,1119
288,742
368,522
154,109
138,1023
304,651
142,0
136,916
130,990
164,1239
302,662
330,873
320,610
334,266
148,95
168,329
250,987
148,145
228,418
172,669
266,561
130,59
222,513
304,759
148,736
160,767
176,1018
240,309
194,541
206,341
152,614
144,403
134,855
210,760
328,564
132,1224
408,952
272,169
208,853
220,837
164,819
204,1187
144,405
132,810
558,516
166,598
200,445
174,426
188,856
196,1029
158,919
916,638
264,989
780,217
476,36
316,579
148,489
398,701
164,814
488,1103
132,680
134,95
160,236
326,409
162,74
214,548
238,1178
168,327
296,87
144,870
976,935
274,559
288,684
240,575
216,1161
494,398
140,1148
320,1096
222,515
148,241
172,1137
230,782
270,1127
232,451
138,445
148,822
200,1192
212,91
130,639
244,972
220,97
256,1121
168,813
168,808
232,893
272,493
456,508
182,1127
202,1073
144,624
444,766
1056,527
456,952
136,395
578,946
232,907
138,1236
136,741
152,748
132,13
188,902
466,181
244,989
240,1152
232,494
150,515
266,175
144,999
252,752
234,131
910,346
142,667
356,665
316,742
186,341
172,410
140,900
212,39
346,913
150,1213
198,214
356,341
130,468
150,161
304,315
156,641
144,200
148,341
132,620
144,661
168,771
208,754
202,562
138,1151
156,791
360,1065
540,631
174,1191
198,1231
152,959
152,1033
464,161
154,589
178,928
174,466
294,1214
142,1140
246,474
514,1165
218,1160
480,886
176,166
184,395
188,410
372,1062
682,160
184,911
156,933
172,153
264,1018
324,1161
144,812
208,844
144,67
136,1
180,915
326,685
174,747
152,695
210,658
216,921
896,1095
228,390
304,409
292,387
136,744
382,347
140,335
348,97
136,129
166,55
174,1191
160,1248
288,509
430,929
498,742
174,160
288,1010
140,497
174,1221
254,1098
166,549
140,834
260,237
496,562
272,187
192,354
212,336
192,162
166,59
264,383
352,858
436,234
298,15
308,747
650,962
184,108
280,1104
150,1233
472,802
130,568
222,1028
132,1215
194,619
564,438
182,104
366,842
508,995
194,1100
356,599
380,604
220,753
212,1022
200,266
152,86
298,539
298,972
434,1171
336,1115
166,1179
208,1179
138,73
148,803
212,125
258,814
362,237
144,1156
248,1022
1082,264
156,656
498,372
384,844
168,574
252,104
132,247
452,381
410,314
132,752
200,780
220,1103
284,1206
520,1067
314,765
208,1074
234,190
310,336
668,1165
268,47
160,130
196,1148
370,755
296,1117
518,262
262,485
200,647
172,203
322,510
1176,374
512,1047
132,657
168,479
154,760
136,980
200,176
250,201
292,685
132,329
148,1048
214,420
216,1063
160,504
136,579
140,795
206,223
228,469
180,479
200,1019
292,954
164,186
162,1067
218,484
202,62
174,856
152,89
304,326
130,887
138,878
828,318
236,266
658,871
154,596
230,1140
150,1123
168,696
278,79
406,491
394,48
216,418
172,852
588,262
260,356
200,395
144,1093
260,682
136,811
132,866
512,374
292,353
166,1069
142,1061
684,715
208,27
192,464
152,1071
188,53
168,896
188,923
168,958
156,1145
138,1157
268,425
380,506
224,654
676,542
164,1008
138,39
206,553
268,608
328,1017
708,1046
222,1073
168,654
284,214
182,235
192,481
804,506
132,132
180,1213
348,120
480,1039
224,851
210,588
204,893
180,1164
206,806
416,374
152,622
136,41
160,585
160,997
198,537
132,656
142,716
148,459
892,953
312,883
152,766
154,157
156,365
186,50
448,1039
132,1168
836,676
222,91
220,498
174,1100
148,52
228,1221
148,369
224,1054
152,193
192,510
146,1174
132,179
140,329
184,914
236,311
130,652
140,476
184,1199
276,359
412,1098
170,1246
174,1185
1108,347
276,954
198,600
224,655
216,206
138,1037
364,446
226,1080
288,709
294,137
204,744
178,844
166,730
488,35
140,190
468,1171
280,691
230,565
168,1218
130,738
168,1233
214,228
164,713
178,1231
252,540
184,622
146,496
240,357
280,756
194,1160
136,402
272,354
190,424
132,830
484,1232
138,1063
160,617
168,422
148,796
496,376
176,742
500,1171
212,742
184,427
148,612
392,1222
196,320
296,495
142,236
268,1139
198,951
608,533
724,397
214,569
140,203
240,48
218,361
216,353
390,734
196,1049
276,945
234,1241
180,1098
146,503
308,1086
168,408
188,1121
250,831
140,395
288,1079
264,683
186,987
178,1057
276,1129
308,982
188,980
176,5
154,461
588,1180
164,16
164,8
144,58
262,99
354,1008
170,1133
236,593
224,375
228,722
162,748
176,529
336,681
160,835
142,1115
474,964
136,402
132,1127
148,773
130,263
170,588
152,549
346,1064
176,142
152,480
442,628
204,592
156,672
328,1249
260,1184
204,89
304,518
180,486
364,918
156,377
130,320
302,1049
214,713
236,160
154,1153
170,1009
168,23
178,200
138,416
600,360
176,1028
248,705
180,1082
308,819
134,100
284,764
156,221
164,1102
172,51
172,86
156,1064
144,939
130,224
184,568
196,1146
184,892
160,812
160,342
336,1100
196,363
152,345
236,961
366,398
132,1001
190,1028
144,656
600,400
176,185
196,985
424,574
592,32
172,785
164,1002
460,67
488,38
180,1150
182,168
190,146
428,38
146,637
472,175
132,1135
322,1168
166,765
